record_id,item_name,split,actual_class,spark_result,python_result,spark_probability,python_probability,match,probability_difference,spark_correct,python_correct,final_consistency_status,explanation
1,Special Chicken Wings,train,Low Performer,Low Performer,Low Performer,0.95,1.0,True,0.05,True,True,Consistent,"Both predict Low Performer, matching the rule-based label (confidence Spark 0.95 / Python 1.00)"
2,Special Chicken Karahi,test,Low Performer,Low Performer,Low Performer,0.92,1.0,True,0.08,True,True,Consistent,"Both predict Low Performer, matching the rule-based label (confidence Spark 0.92 / Python 1.00)"
3,Special Mint Margarita,train,Low Performer,Low Performer,Low Performer,0.95,1.0,True,0.05,True,True,Consistent,"Both predict Low Performer, matching the rule-based label (confidence Spark 0.95 / Python 1.00)"
4,Special Gulab Jamun,train,Low Performer,Low Performer,Low Performer,0.97,1.0,True,0.03,True,True,Consistent,"Both predict Low Performer, matching the rule-based label (confidence Spark 0.97 / Python 1.00)"
5,Special Chicken Corn Soup,test,Low Performer,Low Performer,Low Performer,0.91,1.0,True,0.09,True,True,Consistent,"Both predict Low Performer, matching the rule-based label (confidence Spark 0.91 / Python 1.00)"
6,Caesar Salad,train,Low Performer,Low Performer,Low Performer,0.96,1.0,True,0.04,True,True,Consistent,"Both predict Low Performer, matching the rule-based label (confidence Spark 0.96 / Python 1.00)"
7,Beef Steak,train,Low Performer,Low Performer,Low Performer,0.97,1.0,True,0.03,True,True,Consistent,"Both predict Low Performer, matching the rule-based label (confidence Spark 0.97 / Python 1.00)"
8,Grilled Prawns,train,Low Performer,Low Performer,Low Performer,0.99,1.0,True,0.01,True,True,Consistent,"Both predict Low Performer, matching the rule-based label (confidence Spark 0.99 / Python 1.00)"
9,Fettuccine Alfredo,train,Low Performer,Low Performer,Low Performer,0.97,1.0,True,0.03,True,True,Consistent,"Both predict Low Performer, matching the rule-based label (confidence Spark 0.97 / Python 1.00)"
10,Halwa Puri,test,Low Performer,Low Performer,Low Performer,0.97,1.0,True,0.03,True,True,Consistent,"Both predict Low Performer, matching the rule-based label (confidence Spark 0.97 / Python 1.00)"
11,Spring Rolls,train,Low Performer,Low Performer,Low Performer,0.78,1.0,True,0.22,True,True,Consistent,"Both predict Low Performer, matching the rule-based label (confidence Spark 0.78 / Python 1.00)"
12,Mutton Biryani,train,Volume Driver,Low Performer,Volume Driver,0.65,1.0,False,0.35,False,True,Inconsistent,"Python matches the rule-based label; different model families (Logistic Regression in Spark, Decision Tree in Python) draw different decision boundaries (confidence Spark 0.65 / Python 1.00)"
13,Fresh Lime Soda,test,Volume Driver,Volume Driver,Profit Driver,0.4,1.0,False,0.6,True,False,Inconsistent,Spark matches the rule-based label; low confidence in at least one model: the item sits near a class threshold (confidence Spark 0.40 / Python 1.00)
14,Kheer,train,Volume Driver,Low Performer,Volume Driver,0.6,1.0,False,0.4,False,True,Inconsistent,"Python matches the rule-based label; different model families (Logistic Regression in Spark, Decision Tree in Python) draw different decision boundaries (confidence Spark 0.60 / Python 1.00)"
15,Hot & Sour Soup,test,Low Performer,Low Performer,Low Performer,0.62,1.0,True,0.38,True,True,Consistent,"Both predict Low Performer, matching the rule-based label (confidence Spark 0.62 / Python 1.00)"
16,Greek Salad,train,Profit Driver,Profit Driver,Profit Driver,0.97,1.0,True,0.03,True,True,Consistent,"Both predict Profit Driver, matching the rule-based label (confidence Spark 0.97 / Python 1.00)"
17,Chicken Tikka,train,Profit Driver,Profit Driver,Profit Driver,0.92,1.0,True,0.08,True,True,Consistent,"Both predict Profit Driver, matching the rule-based label (confidence Spark 0.92 / Python 1.00)"
18,Fish & Chips,test,Profit Driver,Profit Driver,Profit Driver,0.88,1.0,True,0.12,True,True,Consistent,"Both predict Profit Driver, matching the rule-based label (confidence Spark 0.88 / Python 1.00)"
19,Spaghetti Bolognese,train,Profit Driver,Profit Driver,Profit Driver,0.97,1.0,True,0.03,True,True,Consistent,"Both predict Profit Driver, matching the rule-based label (confidence Spark 0.97 / Python 1.00)"
20,Paratha Roll,train,Profit Driver,Profit Driver,Profit Driver,0.97,1.0,True,0.03,True,True,Consistent,"Both predict Profit Driver, matching the rule-based label (confidence Spark 0.97 / Python 1.00)"
21,Samosa Platter,train,Profit Driver,Profit Driver,Profit Driver,0.97,1.0,True,0.03,True,True,Consistent,"Both predict Profit Driver, matching the rule-based label (confidence Spark 0.97 / Python 1.00)"
22,Chicken Biryani,train,Profit Driver,Profit Driver,Profit Driver,0.98,1.0,True,0.02,True,True,Consistent,"Both predict Profit Driver, matching the rule-based label (confidence Spark 0.98 / Python 1.00)"
23,Mango Lassi,test,Profit Driver,Profit Driver,Profit Driver,0.98,1.0,True,0.02,True,True,Consistent,"Both predict Profit Driver, matching the rule-based label (confidence Spark 0.98 / Python 1.00)"
24,Chocolate Lava Cake,train,Profit Driver,Profit Driver,Profit Driver,0.97,1.0,True,0.03,True,True,Consistent,"Both predict Profit Driver, matching the rule-based label (confidence Spark 0.97 / Python 1.00)"
25,Cream of Mushroom,train,Profit Driver,Profit Driver,Profit Driver,0.96,1.0,True,0.04,True,True,Consistent,"Both predict Profit Driver, matching the rule-based label (confidence Spark 0.96 / Python 1.00)"
26,Garden Salad,test,Low Performer,Low Performer,Low Performer,0.97,1.0,True,0.03,True,True,Consistent,"Both predict Low Performer, matching the rule-based label (confidence Spark 0.97 / Python 1.00)"
27,Seekh Kabab,train,Profit Driver,Profit Driver,Profit Driver,0.99,1.0,True,0.01,True,True,Consistent,"Both predict Profit Driver, matching the rule-based label (confidence Spark 0.99 / Python 1.00)"
28,Lobster Thermidor,test,Profit Driver,Profit Driver,Profit Driver,0.66,1.0,True,0.34,True,True,Consistent,"Both predict Profit Driver, matching the rule-based label (confidence Spark 0.66 / Python 1.00)"
29,Penne Arrabiata,train,Profit Driver,Profit Driver,Profit Driver,0.95,1.0,True,0.05,True,True,Consistent,"Both predict Profit Driver, matching the rule-based label (confidence Spark 0.95 / Python 1.00)"
30,Omelette Platter,train,Profit Driver,Profit Driver,Profit Driver,0.96,1.0,True,0.04,True,True,Consistent,"Both predict Profit Driver, matching the rule-based label (confidence Spark 0.96 / Python 1.00)"
31,Garlic Bread,test,Low Performer,Low Performer,Low Performer,0.74,1.0,True,0.26,True,True,Consistent,"Both predict Low Performer, matching the rule-based label (confidence Spark 0.74 / Python 1.00)"
32,Butter Chicken,train,Low Performer,Low Performer,Low Performer,0.95,1.0,True,0.05,True,True,Consistent,"Both predict Low Performer, matching the rule-based label (confidence Spark 0.95 / Python 1.00)"
33,Sweet Lassi,train,Low Performer,Low Performer,Low Performer,0.96,1.0,True,0.04,True,True,Consistent,"Both predict Low Performer, matching the rule-based label (confidence Spark 0.96 / Python 1.00)"
34,Brownie with Ice Cream,test,Low Performer,Low Performer,Low Performer,0.92,1.0,True,0.08,True,True,Consistent,"Both predict Low Performer, matching the rule-based label (confidence Spark 0.92 / Python 1.00)"
35,Tomato Basil Soup,train,Low Performer,Low Performer,Low Performer,0.7,1.0,True,0.3,True,True,Consistent,"Both predict Low Performer, matching the rule-based label (confidence Spark 0.70 / Python 1.00)"
36,Chicken Caesar,test,Profit Driver,Profit Driver,Profit Driver,1.0,1.0,True,0.0,True,True,Consistent,"Both predict Profit Driver, matching the rule-based label (confidence Spark 1.00 / Python 1.00)"
37,Malai Boti,train,Low Performer,Low Performer,Low Performer,0.6,1.0,True,0.4,True,True,Consistent,"Both predict Low Performer, matching the rule-based label (confidence Spark 0.60 / Python 1.00)"
38,Prawn Karahi,train,Low Performer,Low Performer,Low Performer,0.91,1.0,True,0.09,True,True,Consistent,"Both predict Low Performer, matching the rule-based label (confidence Spark 0.91 / Python 1.00)"
39,Chicken Lasagna,test,Profit Driver,Profit Driver,Profit Driver,0.99,1.0,True,0.01,True,True,Consistent,"Both predict Profit Driver, matching the rule-based label (confidence Spark 0.99 / Python 1.00)"
40,Pancakes,train,Profit Driver,Profit Driver,Profit Driver,1.0,1.0,True,0.0,True,True,Consistent,"Both predict Profit Driver, matching the rule-based label (confidence Spark 1.00 / Python 1.00)"
41,Mozzarella Sticks,train,Profit Driver,Profit Driver,Profit Driver,0.85,1.0,True,0.15,True,True,Consistent,"Both predict Profit Driver, matching the rule-based label (confidence Spark 0.85 / Python 1.00)"
42,Beef Nihari,train,Profit Driver,Profit Driver,Profit Driver,1.0,1.0,True,0.0,True,True,Consistent,"Both predict Profit Driver, matching the rule-based label (confidence Spark 1.00 / Python 1.00)"
43,Cold Coffee,train,Low Performer,Low Performer,Low Performer,0.94,1.0,True,0.06,True,True,Consistent,"Both predict Low Performer, matching the rule-based label (confidence Spark 0.94 / Python 1.00)"
44,Rasmalai,test,Profit Driver,Profit Driver,Profit Driver,1.0,1.0,True,0.0,True,True,Consistent,"Both predict Profit Driver, matching the rule-based label (confidence Spark 1.00 / Python 1.00)"
45,Tom Yum Soup,train,Profit Driver,Profit Driver,Profit Driver,0.86,1.0,True,0.14,True,True,Consistent,"Both predict Profit Driver, matching the rule-based label (confidence Spark 0.86 / Python 1.00)"
46,Russian Salad,train,Low Performer,Low Performer,Low Performer,0.9,1.0,True,0.1,True,True,Consistent,"Both predict Low Performer, matching the rule-based label (confidence Spark 0.90 / Python 1.00)"
47,Mixed Grill Platter,test,Profit Driver,Profit Driver,Profit Driver,1.0,1.0,True,0.0,True,True,Consistent,"Both predict Profit Driver, matching the rule-based label (confidence Spark 1.00 / Python 1.00)"
48,Grilled Salmon,train,Profit Driver,Profit Driver,Profit Driver,0.48,1.0,True,0.52,True,True,Consistent,"Both predict Profit Driver, matching the rule-based label (confidence Spark 0.48 / Python 1.00)"
49,Mac & Cheese,test,Profit Driver,Profit Driver,Profit Driver,1.0,1.0,True,0.0,True,True,Consistent,"Both predict Profit Driver, matching the rule-based label (confidence Spark 1.00 / Python 1.00)"
50,French Toast,train,Profit Driver,Profit Driver,Profit Driver,0.82,1.0,True,0.18,True,True,Consistent,"Both predict Profit Driver, matching the rule-based label (confidence Spark 0.82 / Python 1.00)"
51,Chicken Tikka Bites,train,Profit Driver,Profit Driver,Profit Driver,0.78,1.0,True,0.22,True,True,Consistent,"Both predict Profit Driver, matching the rule-based label (confidence Spark 0.78 / Python 1.00)"
52,Chicken Handi,test,Low Performer,Profit Driver,Low Performer,0.78,1.0,False,0.22,False,True,Inconsistent,"Python matches the rule-based label; different model families (Logistic Regression in Spark, Decision Tree in Python) draw different decision boundaries (confidence Spark 0.78 / Python 1.00)"
53,Cappuccino,train,Profit Driver,Profit Driver,Profit Driver,0.86,1.0,True,0.14,True,True,Consistent,"Both predict Profit Driver, matching the rule-based label (confidence Spark 0.86 / Python 1.00)"
54,Cheesecake,train,Profit Driver,Profit Driver,Profit Driver,0.77,1.0,True,0.23,True,True,Consistent,"Both predict Profit Driver, matching the rule-based label (confidence Spark 0.77 / Python 1.00)"
55,Lentil Soup,train,Profit Driver,Profit Driver,Profit Driver,0.86,1.0,True,0.14,True,True,Consistent,"Both predict Profit Driver, matching the rule-based label (confidence Spark 0.86 / Python 1.00)"
56,Fattoush,train,Profit Driver,Profit Driver,Profit Driver,0.85,1.0,True,0.15,True,True,Consistent,"Both predict Profit Driver, matching the rule-based label (confidence Spark 0.85 / Python 1.00)"
57,Lamb Chops,test,Profit Driver,Profit Driver,Profit Driver,0.83,1.0,True,0.17,True,True,Consistent,"Both predict Profit Driver, matching the rule-based label (confidence Spark 0.83 / Python 1.00)"
58,Fish Tikka,train,Profit Driver,Profit Driver,Profit Driver,0.63,1.0,True,0.37,True,True,Consistent,"Both predict Profit Driver, matching the rule-based label (confidence Spark 0.63 / Python 1.00)"
59,Pesto Pasta,train,Profit Driver,Profit Driver,Profit Driver,0.83,1.0,True,0.17,True,True,Consistent,"Both predict Profit Driver, matching the rule-based label (confidence Spark 0.83 / Python 1.00)"
60,Eggs Benedict,test,Profit Driver,Profit Driver,Profit Driver,0.85,1.0,True,0.15,True,True,Consistent,"Both predict Profit Driver, matching the rule-based label (confidence Spark 0.85 / Python 1.00)"
61,Loaded Fries,train,Volume Driver,Low Performer,Volume Driver,0.72,1.0,False,0.28,False,True,Inconsistent,"Python matches the rule-based label; different model families (Logistic Regression in Spark, Decision Tree in Python) draw different decision boundaries (confidence Spark 0.72 / Python 1.00)"
62,Mutton Korma,train,Profit Driver,Profit Driver,Profit Driver,0.95,1.0,True,0.05,True,True,Consistent,"Both predict Profit Driver, matching the rule-based label (confidence Spark 0.95 / Python 1.00)"
63,Doodh Patti Chai,train,Low Performer,Low Performer,Low Performer,0.93,1.0,True,0.07,True,True,Consistent,"Both predict Low Performer, matching the rule-based label (confidence Spark 0.93 / Python 1.00)"
64,Gajar Halwa,train,Profit Driver,Profit Driver,Profit Driver,0.94,1.0,True,0.06,True,True,Consistent,"Both predict Profit Driver, matching the rule-based label (confidence Spark 0.94 / Python 1.00)"
65,Minestrone,test,Profit Driver,Profit Driver,Profit Driver,0.65,1.0,True,0.35,True,True,Consistent,"Both predict Profit Driver, matching the rule-based label (confidence Spark 0.65 / Python 1.00)"
66,Quinoa Salad,train,Profit Driver,Profit Driver,Profit Driver,0.99,1.0,True,0.01,True,True,Consistent,"Both predict Profit Driver, matching the rule-based label (confidence Spark 0.99 / Python 1.00)"
67,Reshmi Kabab,train,Hidden Opportunity,Profit Driver,Hidden Opportunity,0.46,1.0,False,0.54,False,True,Inconsistent,Python matches the rule-based label; low confidence in at least one model: the item sits near a class threshold (confidence Spark 0.46 / Python 1.00)
68,Calamari Rings,test,Profit Driver,Profit Driver,Profit Driver,0.97,1.0,True,0.03,True,True,Consistent,"Both predict Profit Driver, matching the rule-based label (confidence Spark 0.97 / Python 1.00)"
69,Carbonara,train,Low Performer,Low Performer,Low Performer,0.96,1.0,True,0.04,True,True,Consistent,"Both predict Low Performer, matching the rule-based label (confidence Spark 0.96 / Python 1.00)"
70,Anda Paratha,test,Low Performer,Low Performer,Low Performer,0.92,1.0,True,0.08,True,True,Consistent,"Both predict Low Performer, matching the rule-based label (confidence Spark 0.92 / Python 1.00)"
71,Nachos Supreme,train,Low Performer,Low Performer,Low Performer,0.89,1.0,True,0.11,True,True,Consistent,"Both predict Low Performer, matching the rule-based label (confidence Spark 0.89 / Python 1.00)"
72,Daal Makhani,train,Profit Driver,Profit Driver,Profit Driver,0.94,1.0,True,0.06,True,True,Consistent,"Both predict Profit Driver, matching the rule-based label (confidence Spark 0.94 / Python 1.00)"
73,Green Tea,test,Low Performer,Profit Driver,Volume Driver,0.44,1.0,False,0.56,False,False,Inconsistent,neither pipeline matches the rule-based label; low confidence in at least one model: the item sits near a class threshold (confidence Spark 0.44 / Python 1.00)
74,Tiramisu,train,Profit Driver,Profit Driver,Profit Driver,1.0,1.0,True,0.0,True,True,Consistent,"Both predict Profit Driver, matching the rule-based label (confidence Spark 1.00 / Python 1.00)"
75,French Onion Soup,train,Low Performer,Low Performer,Low Performer,0.49,1.0,True,0.51,True,True,Consistent,"Both predict Low Performer, matching the rule-based label (confidence Spark 0.49 / Python 1.00)"
76,Cobb Salad,train,Profit Driver,Profit Driver,Profit Driver,0.93,1.0,True,0.07,True,True,Consistent,"Both predict Profit Driver, matching the rule-based label (confidence Spark 0.93 / Python 1.00)"
77,Grilled Chicken Breast,train,Low Performer,Profit Driver,Low Performer,0.42,1.0,False,0.58,False,True,Inconsistent,Python matches the rule-based label; low confidence in at least one model: the item sits near a class threshold (confidence Spark 0.42 / Python 1.00)
78,Garlic Butter Prawns,test,Low Performer,Low Performer,Low Performer,0.91,1.0,True,0.09,True,True,Consistent,"Both predict Low Performer, matching the rule-based label (confidence Spark 0.91 / Python 1.00)"
79,Seafood Linguine,train,Profit Driver,Profit Driver,Profit Driver,0.87,1.0,True,0.13,True,True,Consistent,"Both predict Profit Driver, matching the rule-based label (confidence Spark 0.87 / Python 1.00)"
80,Full English Breakfast,train,Volume Driver,Volume Driver,Volume Driver,0.44,1.0,True,0.56,True,True,Consistent,"Both predict Volume Driver, matching the rule-based label (confidence Spark 0.44 / Python 1.00)"
81,Dynamite Prawns,test,Profit Driver,Profit Driver,Profit Driver,0.55,1.0,True,0.45,True,True,Consistent,"Both predict Profit Driver, matching the rule-based label (confidence Spark 0.55 / Python 1.00)"
82,Palak Paneer,train,Volume Driver,Low Performer,Volume Driver,0.45,1.0,False,0.55,False,True,Inconsistent,Python matches the rule-based label; low confidence in at least one model: the item sits near a class threshold (confidence Spark 0.45 / Python 1.00)
83,Fresh Orange Juice,train,Low Performer,Volume Driver,Low Performer,0.46,1.0,False,0.54,False,True,Inconsistent,Python matches the rule-based label; low confidence in at least one model: the item sits near a class threshold (confidence Spark 0.46 / Python 1.00)
84,Kulfi,train,Profit Driver,Profit Driver,Profit Driver,0.66,1.0,True,0.34,True,True,Consistent,"Both predict Profit Driver, matching the rule-based label (confidence Spark 0.66 / Python 1.00)"
85,Chicken Noodle Soup,train,Profit Driver,Profit Driver,Profit Driver,0.88,1.0,True,0.12,True,True,Consistent,"Both predict Profit Driver, matching the rule-based label (confidence Spark 0.88 / Python 1.00)"
86,Pasta Salad,test,Profit Driver,Profit Driver,Profit Driver,0.7,1.0,True,0.3,True,True,Consistent,"Both predict Profit Driver, matching the rule-based label (confidence Spark 0.70 / Python 1.00)"
87,BBQ Ribs,train,Low Performer,Low Performer,Low Performer,1.0,1.0,True,0.0,True,True,Consistent,"Both predict Low Performer, matching the rule-based label (confidence Spark 1.00 / Python 1.00)"
88,Seafood Platter,train,Profit Driver,Profit Driver,Profit Driver,1.0,1.0,True,0.0,True,True,Consistent,"Both predict Profit Driver, matching the rule-based label (confidence Spark 1.00 / Python 1.00)"
89,Chicken Tikka Pasta,test,Profit Driver,Profit Driver,Profit Driver,0.88,1.0,True,0.12,True,True,Consistent,"Both predict Profit Driver, matching the rule-based label (confidence Spark 0.88 / Python 1.00)"
90,Waffles,train,Low Performer,Low Performer,Low Performer,1.0,1.0,True,0.0,True,True,Consistent,"Both predict Low Performer, matching the rule-based label (confidence Spark 1.00 / Python 1.00)"
91,Stuffed Mushrooms,test,Hidden Opportunity,Low Performer,Hidden Opportunity,0.79,1.0,False,0.21,False,True,Inconsistent,"Python matches the rule-based label; different model families (Logistic Regression in Spark, Decision Tree in Python) draw different decision boundaries (confidence Spark 0.79 / Python 1.00)"
92,Chicken Jalfrezi,train,Hidden Opportunity,Hidden Opportunity,Hidden Opportunity,0.55,1.0,True,0.45,True,True,Consistent,"Both predict Hidden Opportunity, matching the rule-based label (confidence Spark 0.55 / Python 1.00)"
93,Strawberry Shake,train,Hidden Opportunity,Low Performer,Hidden Opportunity,0.41,1.0,False,0.59,False,True,Inconsistent,Python matches the rule-based label; low confidence in at least one model: the item sits near a class threshold (confidence Spark 0.41 / Python 1.00)
94,Fruit Trifle,test,Hidden Opportunity,Hidden Opportunity,Hidden Opportunity,0.78,1.0,True,0.22,True,True,Consistent,"Both predict Hidden Opportunity, matching the rule-based label (confidence Spark 0.78 / Python 1.00)"
95,Seafood Chowder,train,Profit Driver,Profit Driver,Profit Driver,1.0,1.0,True,0.0,True,True,Consistent,"Both predict Profit Driver, matching the rule-based label (confidence Spark 1.00 / Python 1.00)"
96,Chickpea Salad,train,Low Performer,Low Performer,Low Performer,0.95,1.0,True,0.05,True,True,Consistent,"Both predict Low Performer, matching the rule-based label (confidence Spark 0.95 / Python 1.00)"
97,Behari Boti,train,Low Performer,Low Performer,Low Performer,0.94,1.0,True,0.06,True,True,Consistent,"Both predict Low Performer, matching the rule-based label (confidence Spark 0.94 / Python 1.00)"
98,Crab Curry,train,Profit Driver,Profit Driver,Profit Driver,1.0,1.0,True,0.0,True,True,Consistent,"Both predict Profit Driver, matching the rule-based label (confidence Spark 1.00 / Python 1.00)"
99,Ravioli,test,Low Performer,Low Performer,Low Performer,0.78,1.0,True,0.22,True,True,Consistent,"Both predict Low Performer, matching the rule-based label (confidence Spark 0.78 / Python 1.00)"
100,Chana Puri,train,Low Performer,Low Performer,Low Performer,0.93,1.0,True,0.07,True,True,Consistent,"Both predict Low Performer, matching the rule-based label (confidence Spark 0.93 / Python 1.00)"
101,Onion Rings,train,Low Performer,Low Performer,Low Performer,0.81,1.0,True,0.19,True,True,Consistent,"Both predict Low Performer, matching the rule-based label (confidence Spark 0.81 / Python 1.00)"
102,Haleem,test,Volume Driver,Low Performer,Volume Driver,0.8,1.0,False,0.2,False,True,Inconsistent,"Python matches the rule-based label; different model families (Logistic Regression in Spark, Decision Tree in Python) draw different decision boundaries (confidence Spark 0.80 / Python 1.00)"
103,Chocolate Shake,train,Profit Driver,Profit Driver,Profit Driver,0.71,1.0,True,0.29,True,True,Consistent,"Both predict Profit Driver, matching the rule-based label (confidence Spark 0.71 / Python 1.00)"
104,Apple Pie,test,Low Performer,Profit Driver,Low Performer,0.73,1.0,False,0.27,False,True,Inconsistent,"Python matches the rule-based label; different model families (Logistic Regression in Spark, Decision Tree in Python) draw different decision boundaries (confidence Spark 0.73 / Python 1.00)"
105,Broccoli Cheddar Soup,train,Profit Driver,Profit Driver,Profit Driver,1.0,1.0,True,0.0,True,True,Consistent,"Both predict Profit Driver, matching the rule-based label (confidence Spark 1.00 / Python 1.00)"
106,Waldorf Salad,train,Profit Driver,Profit Driver,Profit Driver,1.0,1.0,True,0.0,True,True,Consistent,"Both predict Profit Driver, matching the rule-based label (confidence Spark 1.00 / Python 1.00)"
107,Chapli Kabab,test,Profit Driver,Profit Driver,Profit Driver,0.75,1.0,True,0.25,True,True,Consistent,"Both predict Profit Driver, matching the rule-based label (confidence Spark 0.75 / Python 1.00)"
108,Lahori Fried Fish,train,Profit Driver,Profit Driver,Profit Driver,1.0,1.0,True,0.0,True,True,Consistent,"Both predict Profit Driver, matching the rule-based label (confidence Spark 1.00 / Python 1.00)"
109,Baked Ziti,train,Low Performer,Low Performer,Low Performer,0.92,1.0,True,0.08,True,True,Consistent,"Both predict Low Performer, matching the rule-based label (confidence Spark 0.92 / Python 1.00)"
110,Club Sandwich,train,Profit Driver,Profit Driver,Profit Driver,0.95,1.0,True,0.05,True,True,Consistent,"Both predict Profit Driver, matching the rule-based label (confidence Spark 0.95 / Python 1.00)"
111,Chicken Pakora,train,Volume Driver,Low Performer,Volume Driver,0.66,1.0,False,0.34,False,True,Inconsistent,"Python matches the rule-based label; different model families (Logistic Regression in Spark, Decision Tree in Python) draw different decision boundaries (confidence Spark 0.66 / Python 1.00)"
112,Beef Pulao,test,Low Performer,Low Performer,Low Performer,0.94,1.0,True,0.06,True,True,Consistent,"Both predict Low Performer, matching the rule-based label (confidence Spark 0.94 / Python 1.00)"
113,Peach Iced Tea,train,Profit Driver,Profit Driver,Profit Driver,0.83,1.0,True,0.17,True,True,Consistent,"Both predict Profit Driver, matching the rule-based label (confidence Spark 0.83 / Python 1.00)"
114,Shahi Tukray,train,Profit Driver,Profit Driver,Profit Driver,1.0,1.0,True,0.0,True,True,Consistent,"Both predict Profit Driver, matching the rule-based label (confidence Spark 1.00 / Python 1.00)"
115,Wonton Soup,test,Profit Driver,Profit Driver,Profit Driver,0.77,1.0,True,0.23,True,True,Consistent,"Both predict Profit Driver, matching the rule-based label (confidence Spark 0.77 / Python 1.00)"
116,Tuna Salad,train,Profit Driver,Profit Driver,Profit Driver,0.99,1.0,True,0.01,True,True,Consistent,"Both predict Profit Driver, matching the rule-based label (confidence Spark 0.99 / Python 1.00)"
117,T-Bone Steak,test,Profit Driver,Profit Driver,Profit Driver,0.99,1.0,True,0.01,True,True,Consistent,"Both predict Profit Driver, matching the rule-based label (confidence Spark 0.99 / Python 1.00)"
118,Prawn Tempura,train,Profit Driver,Profit Driver,Profit Driver,1.0,1.0,True,0.0,True,True,Consistent,"Both predict Profit Driver, matching the rule-based label (confidence Spark 1.00 / Python 1.00)"
119,Pink Sauce Pasta,train,Low Performer,Low Performer,Low Performer,0.94,1.0,True,0.06,True,True,Consistent,"Both predict Low Performer, matching the rule-based label (confidence Spark 0.94 / Python 1.00)"
120,Avocado Toast,test,Low Performer,Low Performer,Low Performer,0.97,1.0,True,0.03,True,True,Consistent,"Both predict Low Performer, matching the rule-based label (confidence Spark 0.97 / Python 1.00)"
121,Hummus & Pita,train,Profit Driver,Profit Driver,Profit Driver,0.98,1.0,True,0.02,True,True,Consistent,"Both predict Profit Driver, matching the rule-based label (confidence Spark 0.98 / Python 1.00)"
122,Chicken Tikka Masala,train,Low Performer,Low Performer,Low Performer,0.8,1.0,True,0.2,True,True,Consistent,"Both predict Low Performer, matching the rule-based label (confidence Spark 0.80 / Python 1.00)"
123,Mineral Water,test,Low Performer,Profit Driver,Low Performer,0.37,1.0,False,0.63,False,True,Inconsistent,Python matches the rule-based label; low confidence in at least one model: the item sits near a class threshold (confidence Spark 0.37 / Python 1.00)
124,Ice Cream Sundae,train,Low Performer,Profit Driver,Low Performer,0.51,1.0,False,0.49,False,True,Inconsistent,Python matches the rule-based label; low confidence in at least one model: the item sits near a class threshold (confidence Spark 0.51 / Python 1.00)
125,Mulligatawny,test,Profit Driver,Profit Driver,Profit Driver,0.95,1.0,True,0.05,True,True,Consistent,"Both predict Profit Driver, matching the rule-based label (confidence Spark 0.95 / Python 1.00)"
126,Grilled Chicken Salad,train,Profit Driver,Profit Driver,Profit Driver,1.0,1.0,True,0.0,True,True,Consistent,"Both predict Profit Driver, matching the rule-based label (confidence Spark 1.00 / Python 1.00)"
127,Tandoori Chicken,train,Low Performer,Low Performer,Low Performer,0.69,1.0,True,0.31,True,True,Consistent,"Both predict Low Performer, matching the rule-based label (confidence Spark 0.69 / Python 1.00)"
128,Fish Masala,test,Profit Driver,Profit Driver,Profit Driver,0.69,1.0,True,0.31,True,True,Consistent,"Both predict Profit Driver, matching the rule-based label (confidence Spark 0.69 / Python 1.00)"
129,Aglio e Olio,train,Profit Driver,Profit Driver,Profit Driver,1.0,1.0,True,0.0,True,True,Consistent,"Both predict Profit Driver, matching the rule-based label (confidence Spark 1.00 / Python 1.00)"
130,Aloo Paratha,train,Profit Driver,Profit Driver,Profit Driver,1.0,1.0,True,0.0,True,True,Consistent,"Both predict Profit Driver, matching the rule-based label (confidence Spark 1.00 / Python 1.00)"
131,Bruschetta,train,Profit Driver,Profit Driver,Profit Driver,0.99,1.0,True,0.01,True,True,Consistent,"Both predict Profit Driver, matching the rule-based label (confidence Spark 0.99 / Python 1.00)"
132,Mutton Karahi,train,Low Performer,Profit Driver,Low Performer,0.54,1.0,False,0.46,False,True,Inconsistent,Python matches the rule-based label; low confidence in at least one model: the item sits near a class threshold (confidence Spark 0.54 / Python 1.00)
133,Soft Drink,test,Profit Driver,Profit Driver,Profit Driver,0.92,1.0,True,0.08,True,True,Consistent,"Both predict Profit Driver, matching the rule-based label (confidence Spark 0.92 / Python 1.00)"
134,Caramel Custard,train,Low Performer,Low Performer,Low Performer,0.93,1.0,True,0.07,True,True,Consistent,"Both predict Low Performer, matching the rule-based label (confidence Spark 0.93 / Python 1.00)"
135,Pumpkin Soup,train,Profit Driver,Profit Driver,Profit Driver,0.84,1.0,True,0.16,True,True,Consistent,"Both predict Profit Driver, matching the rule-based label (confidence Spark 0.84 / Python 1.00)"
136,Kachumber Salad,test,Profit Driver,Profit Driver,Profit Driver,1.0,1.0,True,0.0,True,True,Consistent,"Both predict Profit Driver, matching the rule-based label (confidence Spark 1.00 / Python 1.00)"
137,Grilled Fish Tikka,train,Low Performer,Low Performer,Low Performer,0.95,1.0,True,0.05,True,True,Consistent,"Both predict Low Performer, matching the rule-based label (confidence Spark 0.95 / Python 1.00)"
138,Thai Prawn Curry,train,Low Performer,Low Performer,Low Performer,0.94,1.0,True,0.06,True,True,Consistent,"Both predict Low Performer, matching the rule-based label (confidence Spark 0.94 / Python 1.00)"
139,Beef Lasagna,train,Profit Driver,Profit Driver,Profit Driver,0.87,1.0,True,0.13,True,True,Consistent,"Both predict Profit Driver, matching the rule-based label (confidence Spark 0.87 / Python 1.00)"
140,Cheese Omelette,train,Low Performer,Low Performer,Low Performer,0.79,1.0,True,0.21,True,True,Consistent,"Both predict Low Performer, matching the rule-based label (confidence Spark 0.79 / Python 1.00)"
141,Seekh Kabab Rolls,test,Low Performer,Low Performer,Low Performer,0.96,1.0,True,0.04,True,True,Consistent,"Both predict Low Performer, matching the rule-based label (confidence Spark 0.96 / Python 1.00)"
142,Vegetable Curry,train,Low Performer,Low Performer,Low Performer,0.96,1.0,True,0.04,True,True,Consistent,"Both predict Low Performer, matching the rule-based label (confidence Spark 0.96 / Python 1.00)"
143,Kashmiri Chai,train,Low Performer,Low Performer,Low Performer,0.98,1.0,True,0.02,True,True,Consistent,"Both predict Low Performer, matching the rule-based label (confidence Spark 0.98 / Python 1.00)"
144,Falooda,train,Low Performer,Low Performer,Low Performer,0.98,1.0,True,0.02,True,True,Consistent,"Both predict Low Performer, matching the rule-based label (confidence Spark 0.98 / Python 1.00)"
145,Vegetable Soup,train,Low Performer,Low Performer,Low Performer,0.96,1.0,True,0.04,True,True,Consistent,"Both predict Low Performer, matching the rule-based label (confidence Spark 0.96 / Python 1.00)"
146,Asian Sesame Salad,test,Low Performer,Low Performer,Low Performer,0.96,1.0,True,0.04,True,True,Consistent,"Both predict Low Performer, matching the rule-based label (confidence Spark 0.96 / Python 1.00)"
147,Chicken Shashlik,train,Low Performer,Low Performer,Low Performer,0.99,1.0,True,0.01,True,True,Consistent,"Both predict Low Performer, matching the rule-based label (confidence Spark 0.99 / Python 1.00)"
148,Grilled Pomfret,train,Low Performer,Low Performer,Low Performer,0.99,1.0,True,0.01,True,True,Consistent,"Both predict Low Performer, matching the rule-based label (confidence Spark 0.99 / Python 1.00)"
149,Spinach Tortellini,test,Low Performer,Low Performer,Low Performer,0.99,1.0,True,0.01,True,True,Consistent,"Both predict Low Performer, matching the rule-based label (confidence Spark 0.99 / Python 1.00)"
150,Granola Bowl,train,Low Performer,Low Performer,Low Performer,0.94,1.0,True,0.06,True,True,Consistent,"Both predict Low Performer, matching the rule-based label (confidence Spark 0.94 / Python 1.00)"
