order_channel,order_hour,orders
App,0,248
App,1,267
App,2,246
App,3,211
App,4,271
App,5,232
App,6,241
App,7,1670
App,8,1638
App,9,1647
App,10,1584
App,11,1766
App,12,3835
App,13,3880
App,14,1565
App,15,1596
App,16,1647
App,17,1668
App,18,1673
App,19,3878
App,20,3791
App,21,1681
App,22,1637
App,23,1641
Delivery,0,108
Delivery,1,109
Delivery,2,130
Delivery,3,107
Delivery,4,116
Delivery,5,115
Delivery,6,124
Delivery,7,826
Delivery,8,770
Delivery,9,828
Delivery,10,812
Delivery,11,818
Delivery,12,1933
Delivery,13,1914
Delivery,14,832
Delivery,15,768
Delivery,16,798
Delivery,17,800
Delivery,18,796
Delivery,19,1982
Delivery,20,1911
Delivery,21,810
Delivery,22,832
Delivery,23,831
Dine-in,0,532
Dine-in,1,519
Dine-in,2,570
Dine-in,3,551
Dine-in,4,545
Dine-in,5,537
Dine-in,6,562
Dine-in,7,3836
Dine-in,8,3771
Dine-in,9,3644
Dine-in,10,3656
Dine-in,11,3639
Dine-in,12,8642
Dine-in,13,8702
Dine-in,14,3700
Dine-in,15,3603
Dine-in,16,3689
Dine-in,17,3630
Dine-in,18,3760
Dine-in,19,8791
Dine-in,20,8515
Dine-in,21,3695
Dine-in,22,3753
Dine-in,23,3739
Takeaway,0,309
Takeaway,1,301
Takeaway,2,306
Takeaway,3,336
Takeaway,4,283
Takeaway,5,321
Takeaway,6,309
Takeaway,7,2067
Takeaway,8,2053
Takeaway,9,2086
Takeaway,10,2044
Takeaway,11,2063
Takeaway,12,4788
Takeaway,13,4776
Takeaway,14,1982
Takeaway,15,2068
Takeaway,16,2083
Takeaway,17,2086
Takeaway,18,1999
Takeaway,19,4859
Takeaway,20,4769
Takeaway,21,1980
Takeaway,22,1973
Takeaway,23,2053
