customer_id,recency_days,frequency,monetary_value,avg_order_value
36500,8,17,6204.18,364.95
44559,39,17,5780.56,340.03
27548,16,15,5741.66,382.78
24185,6,17,5666.35,333.31
7996,18,16,5645.47,352.84
27951,0,17,5478.36,322.26
6127,2,14,5463.54,390.25
54089,15,15,5436.56,362.44
59257,23,18,5407.94,300.44
4637,7,15,5374.46,358.3
48429,11,13,5348.98,411.46
5328,70,12,5320.0,443.33
22719,14,16,5316.96,332.31
52382,21,16,5307.0,331.69
19678,0,15,5197.87,346.52
7578,3,15,5187.74,345.85
16971,2,16,5120.09,320.01
39043,17,13,5078.55,390.66
45244,20,15,5020.1,334.67
8299,24,14,5013.28,358.09
3229,2,14,4990.74,356.48
68746,32,13,4967.94,382.15
33436,62,15,4959.33,330.62
42117,8,17,4946.14,290.95
18544,1,15,4932.85,328.86
32914,76,15,4927.22,328.48
26241,5,14,4921.14,351.51
76167,53,12,4919.17,409.93
70057,21,12,4917.85,409.82
13104,8,16,4898.31,306.14
2155,25,14,4868.3,347.74
71698,29,12,4865.74,405.48
10371,31,13,4861.49,373.96
27426,5,14,4851.88,346.56
3764,14,13,4849.57,373.04
45697,1,13,4814.92,370.38
16080,0,14,4797.9,342.71
35643,9,16,4790.5,299.41
33220,26,12,4760.41,396.7
70026,61,12,4756.37,396.36
23736,12,14,4753.68,339.55
56629,43,14,4744.37,338.88
43497,30,14,4732.46,338.03
29653,11,12,4730.69,394.22
14640,14,13,4709.85,362.3
64182,13,14,4706.17,336.15
47641,0,13,4696.56,361.27
29448,1,15,4694.41,312.96
9065,26,14,4693.54,335.25
29404,55,12,4677.67,389.81
21341,7,14,4675.49,333.96
32597,56,13,4670.42,359.26
34786,9,11,4663.63,423.97
60881,8,13,4662.1,358.62
39137,24,12,4651.01,387.58
14171,28,11,4645.94,422.36
366,3,11,4637.5,421.59
56983,24,10,4629.62,462.96
50218,96,11,4629.23,420.84
44659,12,11,4622.24,420.2
32584,8,13,4615.29,355.02
53246,4,13,4613.92,354.92
37324,7,11,4608.32,418.94
40548,27,13,4608.31,354.49
32089,27,13,4586.9,352.84
49902,8,12,4586.4,382.2
9134,26,14,4582.91,327.35
62173,5,13,4578.6,352.2
40885,6,12,4572.55,381.05
37806,24,12,4556.93,379.74
66304,10,13,4551.42,350.11
40350,13,14,4545.24,324.66
37125,61,13,4539.31,349.18
66598,7,13,4533.35,348.72
6461,24,15,4521.41,301.43
24800,32,14,4521.2,322.94
61331,10,13,4519.0,347.62
55465,23,11,4490.46,408.22
49782,14,12,4476.97,373.08
33787,41,14,4476.81,319.77
70061,0,12,4473.56,372.8
72432,4,13,4460.08,343.08
10570,0,13,4459.82,343.06
21186,8,12,4457.92,371.49
42204,1,12,4454.46,371.21
15596,15,14,4450.09,317.86
48599,10,13,4446.01,342.0
46095,8,10,4444.38,444.44
12502,17,13,4438.17,341.4
28389,36,14,4432.55,316.61
43055,20,12,4419.61,368.3
24092,0,12,4418.02,368.17
17539,11,13,4411.14,339.32
75489,36,12,4407.49,367.29
62761,29,11,4406.92,400.63
31629,59,14,4392.66,313.76
49612,10,13,4387.45,337.5
77487,15,13,4380.36,336.95
15023,7,16,4371.79,273.24
3437,31,11,4371.56,397.41
42097,15,11,4371.27,397.39
18341,36,14,4368.2,312.01
36846,25,14,4362.61,311.62
30067,11,12,4352.64,362.72
79388,3,14,4352.29,310.88
79215,9,12,4347.93,362.33
45412,0,13,4346.33,334.33
4488,32,12,4345.85,362.15
71809,5,12,4338.82,361.57
40746,32,14,4337.86,309.85
57178,7,12,4336.51,361.38
49558,4,13,4331.35,333.18
71222,70,12,4323.76,360.31
51724,30,13,4318.86,332.22
69690,9,12,4318.43,359.87
74271,43,14,4317.46,308.39
32169,29,11,4313.29,392.12
1685,0,15,4313.27,287.55
65273,7,13,4312.9,331.76
25802,15,12,4309.21,359.1
32124,66,12,4308.76,359.06
54406,24,12,4304.36,358.7
13967,31,13,4303.66,331.05
33505,0,15,4303.06,286.87
33935,16,11,4299.87,390.9
25067,42,14,4298.47,307.03
10745,53,11,4293.37,390.31
66405,7,12,4286.87,357.24
78264,28,12,4271.5,355.96
19535,5,12,4267.1,355.59
58978,50,13,4266.16,328.17
7678,8,13,4262.54,327.89
15972,3,14,4258.88,304.21
60684,0,11,4250.27,386.39
11004,29,13,4246.08,326.62
62279,3,11,4246.01,386.0
77967,8,14,4244.17,303.16
12228,38,14,4242.76,303.05
40022,10,12,4235.67,352.97
70835,51,11,4233.02,384.82
15878,8,12,4231.39,352.62
14373,23,12,4229.04,352.42
56800,3,12,4222.93,351.91
69190,0,13,4217.48,324.42
44748,64,14,4216.55,301.18
30668,6,12,4213.9,351.16
14629,23,12,4213.22,351.1
51244,5,11,4213.2,383.02
5908,15,10,4207.29,420.73
74061,19,15,4205.62,280.37
48080,22,12,4198.13,349.84
54805,99,11,4195.84,381.44
59246,77,10,4189.11,418.91
32686,69,13,4188.81,322.22
71020,9,13,4186.79,322.06
33016,15,12,4185.37,348.78
73409,3,13,4185.3,321.95
56062,36,13,4185.16,321.94
44578,7,12,4182.87,348.57
12418,1,11,4182.6,380.24
31904,14,17,4181.84,245.99
433,54,13,4175.21,321.17
77082,5,13,4174.28,321.1
56572,3,12,4172.88,347.74
16338,6,11,4168.39,378.94
11715,5,14,4161.86,297.28
49527,18,11,4151.64,377.42
23708,5,14,4150.48,296.46
14493,23,11,4142.71,376.61
61164,1,11,4142.58,376.6
70647,13,12,4138.37,344.86
50432,11,13,4134.27,318.02
41194,15,13,4132.97,317.92
71039,10,13,4129.63,317.66
25346,17,11,4126.17,375.11
47029,15,12,4125.55,343.8
22109,3,12,4125.46,343.79
19454,0,10,4119.4,411.94
21600,19,13,4116.34,316.64
16709,15,12,4112.64,342.72
36707,29,11,4111.14,373.74
57510,82,12,4110.12,342.51
71304,7,13,4110.03,316.16
59440,5,13,4108.43,316.03
65101,13,12,4107.16,342.26
70742,41,11,4102.46,372.95
53488,41,11,4098.61,372.6
32847,17,11,4097.3,372.48
52518,0,13,4094.82,314.99
77826,2,10,4090.91,409.09
57451,4,11,4088.47,371.68
7663,11,15,4087.7,272.51
61881,0,13,4084.49,314.19
69599,38,11,4083.55,371.23
48413,8,14,4082.87,291.63
42090,21,10,4082.14,408.21
8336,22,11,4077.27,370.66
70965,7,12,4075.02,339.59
47631,3,13,4072.81,313.29
58809,58,12,4070.27,339.19
61929,43,11,4065.11,369.56
76183,4,13,4063.09,312.55
51483,100,12,4060.66,338.39
70864,1,11,4058.96,369.0
27987,4,11,4053.05,368.46
47366,10,12,4051.92,337.66
38887,8,12,4051.55,337.63
27784,28,12,4051.28,337.61
30799,47,10,4051.06,405.11
73691,12,11,4044.53,367.68
21085,23,11,4044.25,367.66
41262,7,13,4043.79,311.06
51101,3,12,4041.45,336.79
50344,48,12,4041.23,336.77
8337,2,12,4040.15,336.68
38598,28,11,4039.65,367.24
26751,6,11,4036.62,366.97
5767,24,10,4034.95,403.5
37444,2,12,4034.82,336.23
23550,12,10,4032.15,403.22
13716,3,13,4031.96,310.15
74350,56,11,4031.33,366.48
3846,95,12,4020.7,335.06
7232,11,13,4012.44,308.65
18045,9,11,4011.24,364.66
51894,15,11,4007.57,364.32
58940,1,9,4005.93,445.1
15928,3,11,3996.45,363.31
72632,7,13,3993.8,307.22
54149,0,11,3991.53,362.87
62976,66,10,3991.27,399.13
43686,27,12,3989.94,332.5
38120,35,11,3989.84,362.71
76095,46,12,3988.55,332.38
60258,4,12,3987.33,332.28
31118,6,10,3985.53,398.55
19222,14,13,3983.98,306.46
48225,40,12,3983.19,331.93
3788,11,10,3976.07,397.61
47534,6,11,3974.28,361.3
70101,13,14,3973.55,283.83
43517,30,13,3971.88,305.53
18305,5,10,3968.83,396.88
49489,15,12,3968.63,330.72
23971,28,13,3966.55,305.12
62580,19,12,3964.55,330.38
24997,1,13,3962.9,304.84
50530,31,12,3961.84,330.15
26534,36,10,3961.0,396.1
14113,73,12,3959.05,329.92
78733,10,12,3956.02,329.67
4798,12,11,3951.03,359.18
6561,9,12,3949.87,329.16
1196,10,11,3945.57,358.69
2737,2,12,3945.33,328.78
31067,4,11,3943.42,358.49
76808,108,10,3942.31,394.23
38944,45,13,3940.71,303.13
79291,67,12,3933.48,327.79
28707,15,13,3932.21,302.48
5933,8,11,3932.07,357.46
10162,46,12,3931.38,327.62
74022,28,11,3929.75,357.25
39597,25,12,3926.51,327.21
55661,31,12,3924.41,327.03
20642,4,10,3924.35,392.44
23405,0,13,3922.8,301.75
41412,8,12,3921.55,326.8
78849,21,12,3916.35,326.36
27937,1,11,3914.57,355.87
55699,14,11,3914.53,355.87
9633,27,11,3912.54,355.69
46535,37,9,3910.87,434.54
52856,8,11,3906.74,355.16
23943,25,11,3906.45,355.13
38089,32,10,3904.88,390.49
78986,0,14,3902.49,278.75
66781,82,10,3901.78,390.18
22830,10,13,3900.45,300.03
2142,11,11,3900.44,354.59
58803,47,11,3898.67,354.42
59926,10,13,3895.75,299.67
3901,16,10,3895.7,389.57
24557,50,12,3889.72,324.14
61395,77,13,3889.63,299.2
70464,8,14,3889.53,277.82
61314,19,11,3887.62,353.42
78295,11,12,3884.02,323.67
23010,19,10,3883.0,388.3
22557,53,10,3882.37,388.24
28526,20,11,3880.32,352.76
76243,22,13,3878.95,298.38
4593,4,13,3878.3,298.33
21385,4,10,3877.63,387.76
7166,0,11,3876.29,352.39
17751,41,11,3875.62,352.33
39132,74,12,3874.13,322.84
64477,50,13,3873.61,297.97
15425,26,14,3872.45,276.6
40027,35,12,3872.34,322.7
13363,11,11,3871.32,351.94
47636,10,14,3871.14,276.51
64129,14,10,3869.23,386.92
7098,4,13,3868.56,297.58
72538,40,12,3867.43,322.29
77762,10,12,3866.64,322.22
39344,7,9,3865.15,429.46
3034,15,11,3865.15,351.38
40891,4,11,3864.65,351.33
64220,77,11,3861.91,351.08
48957,3,13,3861.37,297.03
24404,42,11,3860.73,350.98
54715,28,12,3859.58,321.63
62003,23,12,3858.53,321.54
37363,31,10,3857.81,385.78
54988,29,11,3856.57,350.6
28459,113,10,3856.41,385.64
32605,18,10,3851.16,385.12
40226,68,10,3850.64,385.06
66444,6,10,3850.57,385.06
49709,23,12,3847.98,320.67
24834,4,12,3845.62,320.47
76155,11,12,3845.27,320.44
34257,37,12,3844.78,320.4
54829,2,12,3844.73,320.39
14138,22,11,3843.15,349.38
69704,11,11,3843.03,349.37
76968,16,8,3839.99,480.0
22478,59,10,3839.12,383.91
58195,26,12,3835.87,319.66
26998,11,13,3834.66,294.97
31587,25,13,3832.33,294.79
28437,2,9,3830.85,425.65
549,57,12,3830.67,319.22
2351,10,11,3830.54,348.23
37421,35,11,3826.33,347.85
59807,29,12,3823.8,318.65
12772,21,12,3823.73,318.64
22098,63,9,3822.75,424.75
21410,83,11,3822.66,347.51
70372,36,12,3822.37,318.53
487,3,11,3821.34,347.39
60161,21,10,3821.09,382.11
37483,49,11,3819.41,347.22
57935,20,11,3818.24,347.11
20836,17,9,3816.55,424.06
48343,52,10,3814.11,381.41
63951,31,12,3813.95,317.83
43694,75,11,3812.52,346.59
39898,14,11,3807.79,346.16
46931,22,10,3806.41,380.64
72841,39,11,3806.4,346.04
39461,14,11,3804.18,345.83
4374,10,12,3801.8,316.82
15270,28,9,3801.26,422.36
72765,35,10,3800.54,380.05
75437,0,12,3799.94,316.66
44675,19,10,3799.38,379.94
18102,39,10,3797.83,379.78
17191,19,12,3797.2,316.43
74204,4,12,3796.72,316.39
79038,33,12,3795.92,316.33
56199,73,12,3795.21,316.27
78219,4,12,3794.72,316.23
18222,1,11,3791.08,344.64
70676,16,10,3790.93,379.09
26137,44,11,3790.83,344.62
76157,70,10,3790.65,379.07
33272,1,10,3785.26,378.53
5035,64,9,3783.69,420.41
21006,22,11,3781.94,343.81
4329,0,9,3781.28,420.14
75554,4,11,3779.72,343.61
61523,17,12,3778.54,314.88
22132,3,10,3777.89,377.79
1335,7,11,3776.96,343.36
72249,50,13,3776.89,290.53
18131,26,9,3772.78,419.2
65929,41,11,3772.1,342.92
16704,80,11,3770.59,342.78
36382,3,12,3768.72,314.06
29944,15,13,3767.0,289.77
16085,34,12,3765.1,313.76
41474,11,12,3764.68,313.72
57557,1,10,3764.16,376.42
33094,7,11,3763.9,342.17
11579,69,10,3761.25,376.13
48220,14,11,3760.65,341.88
38117,14,10,3760.63,376.06
1984,12,10,3760.56,376.06
65537,30,12,3757.6,313.13
7261,9,10,3756.82,375.68
22568,16,10,3754.44,375.44
8832,28,10,3753.34,375.33
70233,3,12,3753.13,312.76
42706,35,9,3752.55,416.95
48063,1,10,3752.3,375.23
11979,20,11,3748.97,340.82
38747,85,10,3747.64,374.76
63504,24,11,3747.29,340.66
62163,1,10,3745.7,374.57
72860,0,10,3744.01,374.4
23763,33,9,3743.24,415.92
36006,8,12,3743.01,311.92
36723,18,11,3740.45,340.04
41116,6,11,3739.72,339.97
73019,11,10,3735.92,373.59
63529,1,8,3734.55,466.82
21467,43,12,3732.37,311.03
36775,36,8,3732.35,466.54
35138,2,13,3731.7,287.05
34714,56,11,3729.31,339.03
12841,2,14,3728.98,266.36
44343,29,11,3725.67,338.7
6262,37,10,3725.61,372.56
36297,1,10,3725.11,372.51
68451,15,10,3724.36,372.44
36531,9,12,3723.92,310.33
58852,53,10,3723.91,372.39
48324,56,9,3723.28,413.7
46666,20,11,3721.66,338.33
78398,8,12,3720.91,310.08
79902,17,11,3720.16,338.2
62859,13,9,3719.99,413.33
21267,4,10,3719.81,371.98
10943,53,11,3719.52,338.14
67728,14,10,3719.35,371.94
54192,11,11,3718.08,338.01
65865,15,13,3716.59,285.89
47858,13,10,3714.83,371.48
49977,9,11,3714.38,337.67
7565,23,10,3713.26,371.33
46291,22,11,3712.96,337.54
23220,2,11,3712.94,337.54
41595,4,12,3711.14,309.26
5783,8,12,3708.97,309.08
1584,22,11,3707.71,337.06
43557,35,10,3706.64,370.66
68311,21,11,3706.14,336.92
55542,41,9,3702.16,411.35
65727,1,12,3702.12,308.51
28689,71,10,3699.47,369.95
77832,41,12,3699.43,308.29
24629,36,11,3698.19,336.2
71474,9,11,3697.67,336.15
8681,6,10,3694.06,369.41
11788,8,10,3694.0,369.4
76853,34,11,3693.63,335.78
11595,50,11,3693.44,335.77
10047,13,12,3692.29,307.69
51693,11,11,3691.47,335.59
73082,63,11,3691.17,335.56
40047,50,11,3691.13,335.56
33077,20,8,3689.41,461.18
24496,15,11,3687.76,335.25
38330,0,9,3684.76,409.42
62375,53,10,3684.56,368.46
1970,20,13,3684.27,283.41
27040,26,14,3683.45,263.1
11763,10,11,3681.74,334.7
67878,27,9,3681.11,409.01
10584,10,10,3678.88,367.89
70987,10,12,3678.84,306.57
16191,8,13,3678.5,282.96
18708,6,12,3677.17,306.43
46950,4,12,3676.76,306.4
34988,1,14,3675.97,262.57
56079,15,11,3673.69,333.97
64515,43,11,3671.37,333.76
21857,185,9,3671.11,407.9
6342,23,11,3667.63,333.42
39896,15,10,3667.23,366.72
51659,35,11,3665.38,333.22
49777,23,11,3665.12,333.19
31299,33,12,3663.65,305.3
46355,73,11,3661.53,332.87
31656,3,11,3661.3,332.85
50677,1,13,3658.86,281.45
74244,135,11,3655.11,332.28
51804,31,11,3654.49,332.23
24158,20,12,3654.24,304.52
22827,0,10,3654.04,365.4
21004,16,10,3653.38,365.34
50335,3,11,3653.22,332.11
74895,68,12,3653.1,304.43
2014,62,10,3653.1,365.31
64518,5,12,3652.46,304.37
53025,8,12,3649.45,304.12
70862,37,12,3648.51,304.04
44034,70,10,3648.11,364.81
52072,0,11,3647.45,331.59
72847,12,11,3647.1,331.55
60189,16,10,3646.73,364.67
23662,7,12,3646.37,303.86
14864,1,13,3645.77,280.44
18916,1,9,3645.6,405.07
5138,74,10,3644.96,364.5
559,21,10,3643.9,364.39
71523,30,9,3642.61,404.73
15073,30,11,3642.43,331.13
21413,16,10,3642.3,364.23
61198,21,12,3641.27,303.44
43336,34,8,3639.46,454.93
76508,2,12,3638.79,303.23
57241,35,8,3637.87,454.73
35784,9,10,3637.45,363.75
47579,22,11,3636.65,330.6
4288,9,11,3635.87,330.53
10624,30,11,3635.33,330.48
4200,10,10,3634.74,363.47
74394,59,9,3634.56,403.84
42710,68,10,3634.52,363.45
51843,16,10,3631.92,363.19
26825,18,9,3631.68,403.52
57777,10,11,3631.33,330.12
238,3,11,3629.42,329.95
334,0,11,3629.16,329.92
10013,16,8,3627.66,453.46
52813,31,10,3626.95,362.7
6294,8,9,3623.86,402.65
28272,6,9,3622.26,402.47
77459,15,12,3621.59,301.8
32284,5,10,3621.37,362.14
75614,6,10,3621.35,362.14
10234,21,11,3621.32,329.21
55143,20,11,3621.24,329.2
36763,14,12,3620.64,301.72
33168,14,11,3620.35,329.12
28524,33,9,3619.95,402.22
21690,14,12,3619.8,301.65
17941,12,9,3618.96,402.11
9490,1,12,3616.95,301.41
48580,3,10,3616.59,361.66
34606,28,11,3616.58,328.78
24438,16,11,3616.52,328.77
12929,23,12,3616.49,301.37
79879,33,11,3614.79,328.62
44283,17,13,3614.41,278.03
67672,9,10,3612.71,361.27
58637,11,13,3612.67,277.9
53717,9,9,3611.96,401.33
77081,114,9,3608.72,400.97
55489,11,10,3608.45,360.84
23376,8,12,3606.01,300.5
29979,27,11,3605.97,327.82
4679,114,10,3605.73,360.57
42428,7,12,3605.18,300.43
54150,48,12,3604.17,300.35
33537,15,7,3604.1,514.87
34767,25,12,3602.83,300.24
28425,59,10,3602.62,360.26
51519,19,10,3602.51,360.25
24701,17,10,3599.62,359.96
5421,2,10,3598.74,359.87
65785,3,10,3598.02,359.8
50080,83,11,3597.26,327.02
716,2,9,3596.86,399.65
67914,20,10,3595.18,359.52
74105,28,10,3594.5,359.45
68813,9,9,3593.12,399.24
48470,14,10,3592.44,359.24
58224,5,14,3591.61,256.54
6983,30,10,3591.34,359.13
48644,5,11,3590.52,326.41
11294,28,10,3587.27,358.73
61340,14,11,3586.92,326.08
17201,13,12,3586.51,298.88
42400,25,10,3584.64,358.46
78004,21,10,3581.85,358.19
78045,48,9,3580.87,397.87
43813,55,10,3580.46,358.05
41611,100,10,3578.32,357.83
16190,28,12,3578.08,298.17
1477,66,9,3577.4,397.49
17550,14,10,3577.25,357.73
41631,0,12,3577.02,298.09
29173,35,9,3575.5,397.28
73962,1,12,3575.29,297.94
58239,24,11,3574.78,324.98
30862,56,13,3574.51,274.96
14944,28,9,3573.62,397.07
69871,73,11,3571.35,324.67
19942,15,11,3570.55,324.6
76761,8,12,3568.04,297.34
24859,5,9,3568.0,396.44
9160,0,10,3567.87,356.79
30504,0,11,3567.28,324.3
58694,8,10,3567.21,356.72
42430,7,11,3566.82,324.26
1131,10,9,3566.64,396.29
27616,0,9,3566.35,396.26
62630,32,10,3565.82,356.58
71402,35,12,3565.48,297.12
67326,6,11,3565.47,324.13
51847,0,12,3562.42,296.87
25409,1,9,3560.38,395.6
21024,4,9,3559.44,395.49
48046,18,10,3558.69,355.87
16903,51,12,3557.81,296.48
8725,26,8,3557.47,444.68
25149,5,10,3555.57,355.56
66620,28,10,3554.19,355.42
27671,21,10,3552.65,355.27
27496,29,10,3551.5,355.15
78787,5,10,3551.0,355.1
29740,1,10,3550.86,355.09
68618,39,9,3550.06,394.45
23904,4,10,3548.5,354.85
74236,0,11,3546.99,322.45
58263,17,9,3546.27,394.03
58582,41,10,3543.82,354.38
26669,17,11,3543.54,322.14
78937,16,9,3542.88,393.65
36397,4,8,3542.78,442.85
27231,11,13,3542.27,272.48
22985,46,11,3541.61,321.96
32304,14,12,3539.78,294.98
37498,5,11,3539.55,321.78
15129,40,10,3539.54,353.95
79397,51,10,3539.44,353.94
7161,10,13,3538.84,272.22
25574,10,10,3538.25,353.83
39421,0,10,3537.35,353.74
4814,140,9,3535.57,392.84
42441,63,8,3535.16,441.9
468,13,11,3535.12,321.37
78001,56,9,3534.57,392.73
25190,37,10,3532.72,353.27
13971,14,10,3530.95,353.1
77760,13,13,3527.39,271.34
71543,12,11,3527.38,320.67
64430,64,8,3526.78,440.85
19620,36,10,3526.68,352.67
66016,9,10,3524.58,352.46
6947,9,11,3524.38,320.4
19393,71,9,3522.5,391.39
16575,13,11,3520.95,320.09
777,33,11,3520.73,320.07
16493,5,10,3520.6,352.06
19094,87,11,3519.26,319.93
62175,13,10,3519.13,351.91
47701,1,13,3517.46,270.57
5350,9,11,3517.05,319.73
71795,56,13,3516.92,270.53
55758,47,10,3515.73,351.57
38118,5,10,3514.34,351.43
7162,38,11,3513.76,319.43
52581,1,12,3513.56,292.8
40087,14,10,3512.07,351.21
58872,50,9,3509.99,390.0
55003,15,9,3508.85,389.87
12948,13,10,3508.85,350.89
4308,5,10,3507.68,350.77
61760,49,13,3507.1,269.78
59411,57,9,3506.9,389.66
54518,21,10,3506.76,350.68
58658,34,10,3504.34,350.43
29245,9,10,3504.01,350.4
16718,18,11,3503.98,318.54
57827,15,11,3503.97,318.54
33240,1,12,3502.55,291.88
7909,88,12,3501.47,291.79
64746,16,9,3500.4,388.93
51701,21,11,3499.5,318.14
67725,28,12,3497.98,291.5
55047,96,10,3497.71,349.77
49702,5,11,3497.25,317.93
48259,27,13,3497.0,269.0
7971,4,12,3494.65,291.22
32707,4,10,3494.64,349.46
55509,69,9,3493.58,388.18
52258,11,11,3493.39,317.58
49590,16,11,3491.1,317.37
8086,32,10,3490.58,349.06
42826,27,11,3489.78,317.25
76644,26,10,3489.65,348.97
23843,15,9,3489.11,387.68
3985,29,11,3488.92,317.17
15742,8,12,3486.73,290.56
72396,2,11,3485.96,316.91
21089,38,10,3485.05,348.51
57820,0,11,3482.94,316.63
12987,7,10,3482.45,348.25
62657,31,10,3482.01,348.2
28537,44,9,3480.87,386.76
41589,28,9,3480.68,386.74
78786,62,8,3478.56,434.82
18583,22,11,3478.14,316.19
35205,1,8,3477.72,434.72
44711,9,11,3477.48,316.13
9855,82,10,3476.71,347.67
18735,22,9,3475.48,386.16
9027,5,10,3475.46,347.55
43045,8,11,3475.21,315.93
49342,1,12,3474.13,289.51
37354,32,10,3473.77,347.38
64836,17,11,3473.3,315.75
15506,69,9,3473.05,385.89
24410,10,11,3472.22,315.66
28240,47,9,3471.09,385.68
51094,13,11,3470.79,315.53
6276,23,10,3469.45,346.95
45380,3,9,3469.24,385.47
77630,3,9,3469.0,385.44
52154,26,9,3468.64,385.4
32634,18,11,3468.43,315.31
41210,68,8,3468.24,433.53
67832,2,14,3468.12,247.72
4805,23,10,3467.9,346.79
57154,43,9,3467.64,385.29
5177,99,10,3466.73,346.67
59517,0,10,3466.04,346.6
14334,22,12,3463.99,288.67
77904,7,11,3463.36,314.85
69659,31,12,3463.29,288.61
71497,23,8,3461.74,432.72
1252,15,9,3460.69,384.52
49523,10,10,3459.78,345.98
77086,9,10,3458.85,345.89
27926,46,11,3458.02,314.37
478,2,10,3457.45,345.75
67434,8,11,3457.13,314.28
64696,21,10,3456.73,345.67
26322,2,11,3455.75,314.16
64718,30,10,3455.13,345.51
14349,2,11,3454.87,314.08
8582,35,11,3454.31,314.03
36731,19,11,3453.02,313.91
40901,1,12,3452.95,287.75
5073,48,7,3451.95,493.14
56147,31,12,3451.71,287.64
42116,15,10,3450.72,345.07
69926,51,9,3450.62,383.4
34648,26,10,3450.49,345.05
43793,22,8,3449.83,431.23
46053,23,10,3449.18,344.92
3950,2,10,3447.33,344.73
53708,24,9,3446.27,382.92
58210,15,10,3446.08,344.61
59180,20,9,3445.14,382.79
28557,46,9,3444.79,382.75
69229,2,12,3444.68,287.06
45095,3,10,3441.04,344.1
69761,18,10,3440.22,344.02
15824,45,9,3439.11,382.12
64566,159,10,3439.0,343.9
2184,5,10,3437.33,343.73
37186,24,10,3435.69,343.57
20125,8,12,3434.67,286.22
21622,41,10,3433.56,343.36
58805,13,9,3433.28,381.48
32312,10,10,3432.79,343.28
11152,4,10,3432.04,343.2
9861,30,11,3431.28,311.93
49174,17,10,3429.03,342.9
61967,1,10,3428.38,342.84
16932,36,10,3428.28,342.83
30201,31,9,3428.28,380.92
19951,11,11,3428.06,311.64
25033,0,12,3427.89,285.66
68624,22,11,3427.3,311.57
55144,3,10,3425.89,342.59
77578,5,8,3425.28,428.16
63292,8,10,3424.89,342.49
6265,23,10,3423.65,342.37
33989,53,11,3423.09,311.19
36746,3,8,3422.62,427.83
3081,3,9,3422.28,380.25
2405,11,12,3421.5,285.13
16208,13,11,3421.44,311.04
23018,48,9,3420.74,380.08
11624,38,11,3420.27,310.93
59169,81,10,3419.76,341.98
38671,7,8,3419.5,427.44
18941,5,11,3417.88,310.72
20111,21,10,3416.7,341.67
50013,44,12,3416.64,284.72
67272,7,8,3416.18,427.02
23884,28,11,3416.08,310.55
11560,7,8,3415.53,426.94
4042,1,9,3415.45,379.49
32980,2,10,3415.08,341.51
68414,31,11,3414.93,310.45
44658,29,11,3414.85,310.44
29271,5,11,3414.46,310.41
30135,22,12,3413.64,284.47
24411,11,10,3413.24,341.32
75312,3,8,3412.86,426.61
68375,65,9,3412.22,379.14
15714,1,11,3411.64,310.15
1848,34,8,3411.14,426.39
37161,46,11,3410.39,310.04
8242,66,13,3410.17,262.32
9125,0,10,3410.14,341.01
45514,8,9,3409.67,378.85
32844,15,10,3409.2,340.92
11626,7,12,3408.89,284.07
8707,19,10,3408.8,340.88
33175,0,10,3408.24,340.82
62980,0,10,3407.96,340.8
5085,7,10,3407.64,340.76
77390,4,10,3407.27,340.73
16902,18,8,3406.93,425.87
39516,49,9,3405.5,378.39
17285,31,11,3405.37,309.58
69134,0,9,3404.72,378.3
63103,3,10,3404.54,340.45
59936,25,10,3404.21,340.42
63990,18,11,3403.83,309.44
18478,19,11,3403.13,309.38
56335,8,10,3402.68,340.27
70161,16,10,3401.96,340.2
47220,1,11,3401.2,309.2
43374,55,11,3395.96,308.72
44090,29,10,3395.62,339.56
77444,41,11,3393.52,308.5
34427,42,11,3393.19,308.47
76956,3,9,3391.76,376.86
69648,6,8,3391.31,423.91
33882,8,12,3390.49,282.54
20128,41,10,3390.41,339.04
1943,35,11,3389.56,308.14
27208,20,10,3389.23,338.92
42843,14,12,3389.07,282.42
41057,9,11,3389.0,308.09
64481,21,9,3387.77,376.42
40679,0,12,3387.55,282.3
60299,6,10,3385.48,338.55
74335,0,12,3385.46,282.12
33413,16,11,3384.56,307.69
45040,6,11,3384.53,307.68
44241,11,11,3384.09,307.64
55109,10,9,3383.99,376.0
66675,40,9,3383.71,375.97
11428,99,11,3382.2,307.47
41335,32,8,3382.15,422.77
61481,10,9,3381.9,375.77
31082,22,10,3381.15,338.12
20107,27,9,3380.77,375.64
20353,3,10,3379.63,337.96
53880,67,9,3379.29,375.48
7930,28,11,3379.27,307.21
69740,6,11,3379.24,307.2
54237,14,13,3378.41,259.88
5261,7,10,3378.38,337.84
74429,13,10,3377.74,337.77
16060,43,9,3375.97,375.11
69957,54,10,3375.67,337.57
72418,12,10,3375.22,337.52
14440,57,12,3374.02,281.17
25568,24,10,3373.53,337.35
22851,3,11,3373.53,306.68
62428,30,10,3373.17,337.32
45207,15,11,3373.04,306.64
24127,8,9,3373.02,374.78
51223,73,10,3372.63,337.26
75837,9,9,3372.45,374.72
37495,16,10,3371.82,337.18
38493,10,11,3370.77,306.43
40042,10,11,3370.04,306.37
67713,44,11,3369.16,306.29
66931,45,10,3369.11,336.91
39629,37,10,3369.0,336.9
28683,6,11,3368.34,306.21
22307,1,9,3368.18,374.24
3635,39,10,3368.05,336.8
41288,0,8,3367.66,420.96
41095,0,9,3367.53,374.17
68613,21,10,3365.99,336.6
61601,2,10,3365.0,336.5
10823,13,10,3364.53,336.45
41831,46,9,3364.39,373.82
41180,5,11,3364.22,305.84
78503,21,11,3364.15,305.83
29308,42,9,3363.3,373.7
79401,78,11,3362.79,305.71
76650,58,10,3362.48,336.25
69281,36,8,3361.5,420.19
55189,44,10,3361.08,336.11
64692,20,10,3360.98,336.1
17,10,10,3360.79,336.08
2105,182,8,3359.73,419.97
28439,10,9,3359.58,373.29
17844,5,10,3359.52,335.95
12634,7,11,3359.14,305.38
75276,2,8,3359.06,419.88
13221,57,9,3358.86,373.21
35974,17,12,3358.4,279.87
32845,12,8,3357.18,419.65
4110,49,10,3357.15,335.72
38406,1,10,3356.19,335.62
63221,90,8,3355.88,419.49
22869,17,10,3355.62,335.56
77651,26,9,3355.27,372.81
22790,47,9,3355.14,372.79
65784,16,11,3354.94,304.99
79131,21,9,3354.69,372.74
41320,11,10,3353.43,335.34
79413,28,11,3351.82,304.71
22613,8,10,3349.6,334.96
20585,47,9,3349.48,372.16
54351,24,9,3349.22,372.14
12214,17,8,3346.38,418.3
4416,8,8,3346.1,418.26
53747,29,10,3345.23,334.52
12677,2,10,3345.1,334.51
64919,88,10,3344.84,334.48
7596,5,9,3344.51,371.61
38741,18,10,3344.33,334.43
78401,32,9,3342.66,371.41
31672,31,8,3342.06,417.76
12834,8,11,3341.35,303.76
9098,36,11,3341.27,303.75
60549,62,10,3341.21,334.12
10,7,8,3340.61,417.58
53623,0,14,3340.19,238.59
51708,14,10,3339.86,333.99
17461,28,12,3339.72,278.31
5349,47,11,3339.65,303.6
34375,1,12,3339.56,278.3
56573,25,10,3338.22,333.82
32535,4,11,3337.58,303.42
72169,0,10,3337.15,333.72
4707,2,8,3336.63,417.08
22605,73,10,3336.44,333.64
10944,13,12,3336.34,278.03
41644,69,9,3335.63,370.63
22238,7,11,3335.28,303.21
1838,56,11,3335.11,303.19
38622,43,9,3333.94,370.44
65048,7,8,3333.86,416.73
61375,20,10,3332.16,333.22
62718,20,10,3331.56,333.16
5309,1,9,3330.22,370.02
1544,50,10,3329.44,332.94
66913,48,10,3329.14,332.91
59812,50,9,3328.74,369.86
72232,38,12,3327.37,277.28
64008,19,8,3327.19,415.9
42283,17,9,3326.83,369.65
30489,13,10,3326.62,332.66
10293,7,11,3325.96,302.36
35735,64,10,3323.76,332.38
5766,53,9,3322.24,369.14
13500,23,12,3320.76,276.73
40274,16,12,3319.47,276.62
37464,11,11,3319.19,301.74
53344,1,12,3319.16,276.6
24460,24,10,3318.55,331.86
845,44,11,3318.17,301.65
39044,16,10,3317.81,331.78
55090,39,11,3316.99,301.54
27084,20,10,3316.61,331.66
19366,11,12,3316.16,276.35
38075,6,12,3315.28,276.27
55524,1,10,3315.24,331.52
64924,22,9,3312.15,368.02
14599,10,10,3312.07,331.21
69835,10,8,3311.39,413.92
5957,3,10,3311.22,331.12
6058,17,9,3310.63,367.85
1858,70,10,3310.55,331.06
59395,9,10,3310.32,331.03
33556,7,10,3308.76,330.88
51854,12,12,3308.64,275.72
30081,6,9,3308.5,367.61
41750,16,11,3308.35,300.76
10148,38,8,3308.21,413.53
12678,3,9,3307.69,367.52
46275,30,12,3307.55,275.63
62797,12,10,3307.07,330.71
65697,17,10,3306.8,330.68
18350,3,9,3305.12,367.24
3276,63,8,3304.27,413.03
28239,54,10,3303.1,330.31
8484,50,10,3303.1,330.31
10911,71,9,3302.58,366.95
35677,3,10,3299.6,329.96
33308,46,10,3295.42,329.54
76336,20,11,3295.32,299.57
52331,39,10,3294.85,329.49
57162,24,10,3294.08,329.41
43190,13,11,3294.05,299.46
49208,14,8,3293.77,411.72
62405,6,11,3293.6,299.42
56360,10,10,3293.58,329.36
78262,14,10,3293.39,329.34
3765,6,9,3293.29,365.92
55370,19,11,3292.45,299.31
34254,55,8,3292.42,411.55
54832,20,10,3292.04,329.2
52917,4,11,3291.6,299.24
19759,28,9,3291.32,365.7
58889,69,9,3290.81,365.65
55059,63,10,3290.42,329.04
65871,43,10,3289.66,328.97
44234,8,10,3288.67,328.87
45557,19,9,3288.39,365.38
2318,99,9,3287.83,365.31
34641,7,11,3286.65,298.79
