item_name,units_sold,units_wasted,wastage_cost,wastage_pct
Kashmiri Chai,329,3139.0,8600.86,90.51
Vegetable Curry,770,3201.0,19590.12,80.61
Granola Bowl,819,3228.0,10878.36,79.76
Seekh Kabab Rolls,826,3103.0,13808.35,78.98
Vegetable Soup,1097,3012.0,7409.52,73.3
Beef Steak,1681,3174.0,10220.28,65.38
Asian Sesame Salad,1658,3121.0,9799.94,65.31
Grilled Prawns,1764,3206.0,24525.9,64.51
Caesar Salad,1814,3193.0,4438.27,63.77
Fettuccine Alfredo,1757,3028.0,8993.16,63.28
Halwa Puri,1771,2810.0,6350.6,61.34
Spring Rolls,9336,14142.0,26162.7,60.24
Hot & Sour Soup,10153,13784.0,30600.48,57.58
Kheer,14587,13521.0,39616.53,48.1
Spinach Tortellini,3755,3177.0,15821.46,45.83
Chicken Shashlik,3908,3283.0,48063.12,45.65
Mutton Biryani,16448,12795.0,173756.1,43.75
Falooda,4048,2902.0,8647.96,41.76
Fresh Lime Soda,20379,13535.0,47237.15,39.91
Sweet Lassi,4794,3102.0,4715.04,39.29
