item_name,category_name,total_orders,total_revenue,avg_price
Lahori Fried Fish,Seafood,28097,2015642.39,47.67
Prawn Tempura,Seafood,42013,1921094.56,30.6
Seafood Platter,Seafood,26460,1747411.93,44.13
Mixed Grill Platter,Grills,41812,1738002.22,27.79
Crab Curry,Seafood,26926,1525836.09,37.83
Calamari Rings,Seafood,18735,1373360.37,49.07
T-Bone Steak,Grills,22038,1321558.71,40.09
Beef Nihari,Main Course,35471,1318591.18,24.9
Fish Masala,Seafood,14691,1123343.21,50.82
Mac & Cheese,Pasta,36903,1049262.46,19.11
