item_id,item_name,category_name,quantity_sold,revenue,cost,contribution_margin,profit_pct
88,Seafood Platter,Seafood,38689,1680132.26,518432.6,1161699.66,69.14
108,Lahori Fried Fish,Seafood,41121,1931738.69,792812.88,1138925.81,58.96
118,Prawn Tempura,Seafood,61273,1844545.04,759785.2,1084759.84,58.81
47,Mixed Grill Platter,Grills,61079,1669109.99,693857.44,975252.55,58.43
98,Crab Curry,Seafood,39348,1465043.66,662226.84,802816.82,54.8
68,Calamari Rings,Seafood,27266,1318276.01,551045.86,767230.15,58.2
117,T-Bone Steak,Grills,32227,1272647.01,522721.94,749925.07,58.93
42,Beef Nihari,Main Course,51694,1265973.51,559329.08,706644.43,55.82
128,Fish Masala,Seafood,21564,1079093.52,435592.8,643500.72,59.63
18,Fish & Chips,Seafood,19286,868014.6,257660.96,610353.64,70.32
49,Mac & Cheese,Pasta,53667,1008761.74,443826.09,564935.65,56.0
28,Lobster Thermidor,Seafood,20521,816883.5,296938.87,519944.63,63.65
27,Seekh Kabab,Grills,31768,780758.95,320539.12,460219.83,58.95
48,Grilled Salmon,Seafood,20421,815452.74,360226.44,455226.3,55.82
95,Seafood Chowder,Soups,55602,580679.29,178482.42,402196.87,69.26
77,Grilled Chicken Breast,Grills,18886,730445.32,330882.72,399562.6,54.7
17,Chicken Tikka,Grills,19154,580390.62,184069.94,396320.68,68.29
114,Shahi Tukray,Desserts,51612,631811.93,243092.52,388719.41,61.52
52,Chicken Handi,Main Course,18911,567902.1,180410.94,387491.16,68.23
74,Tiramisu,Desserts,47336,581921.24,210645.2,371276.04,63.8
127,Tandoori Chicken,Grills,16044,638845.1,272427.12,366417.98,57.36
39,Chicken Lasagna,Pasta,28204,579746.58,223657.72,356088.86,61.42
89,Chicken Tikka Pasta,Pasta,25794,596971.45,240915.96,356055.49,59.64
107,Chapli Kabab,Grills,21493,640253.82,286501.69,353752.13,55.25
58,Fish Tikka,Seafood,19259,585153.22,237656.06,347497.16,59.39
12,Mutton Biryani,Main Course,16448,556780.25,223363.84,333416.41,59.88
105,Broccoli Cheddar Soup,Soups,43757,492088.17,162776.04,329312.13,66.92
40,Pancakes,Breakfast,40672,495373.13,169602.24,325770.89,65.76
129,Aglio e Olio,Pasta,46351,550676.87,227119.9,323556.97,58.76
62,Mutton Korma,Main Course,25498,512127.51,210358.5,301769.01,58.92
138,Thai Prawn Curry,Seafood,10499,477087.21,184572.42,292514.79,61.31
36,Chicken Caesar,Salads,34469,490016.61,198886.13,291130.48,59.41
44,Rasmalai,Desserts,36847,480347.53,193078.28,287269.25,59.8
57,Lamb Chops,Grills,19135,417704.46,133945.0,283759.46,67.93
72,Daal Makhani,Main Course,24696,460377.94,180527.76,279850.18,60.79
87,BBQ Ribs,Grills,11295,424878.16,147738.6,277139.56,65.23
106,Waldorf Salad,Salads,45893,449959.31,175770.19,274189.12,60.94
122,Chicken Tikka Masala,Main Course,14713,475886.87,204216.44,271670.43,57.09
130,Aloo Paratha,Breakfast,36388,468813.81,200134.0,268679.81,57.31
19,Spaghetti Bolognese,Pasta,19372,373019.65,104415.08,268604.57,72.01
136,Kachumber Salad,Salads,37058,385517.21,119697.34,265819.87,68.95
29,Penne Arrabiata,Pasta,24713,478591.31,214508.84,264082.47,55.18
116,Tuna Salad,Salads,30883,454288.41,190239.28,264049.13,58.12
67,Reshmi Kabab,Grills,17571,406461.84,144257.91,262203.93,64.51
102,Haleem,Main Course,14882,406625.82,147629.44,258996.38,63.69
97,Behari Boti,Grills,12131,394782.44,146057.24,248725.2,63.0
37,Malai Boti,Grills,15875,431407.21,185261.25,246145.96,57.06
82,Palak Paneer,Main Course,14152,381929.1,145907.12,236021.98,61.8
22,Chicken Biryani,Main Course,19421,339319.96,104484.98,234834.98,69.21
126,Grilled Chicken Salad,Salads,33451,375221.35,143170.28,232051.07,61.84
132,Mutton Karahi,Main Course,18209,348093.03,124185.38,223907.65,64.32
137,Grilled Fish Tikka,Grills,10960,355372.91,133602.4,221770.51,62.41
121,Hummus & Pita,Appetizers,30118,386825.06,165950.18,220874.88,57.1
139,Beef Lasagna,Pasta,20562,337899.67,118025.88,219873.79,65.07
66,Quinoa Salad,Salads,27160,329314.89,112442.4,216872.49,65.86
78,Garlic Butter Prawns,Seafood,12514,335053.88,122261.78,212792.1,63.51
79,Seafood Linguine,Pasta,22843,374394.6,165154.89,209239.71,55.89
76,Cobb Salad,Salads,23276,316062.93,108466.16,207596.77,65.68
56,Fattoush,Salads,19384,292858.99,89747.92,203111.07,69.35
148,Grilled Pomfret,Seafood,6928,272634.01,92280.96,180353.05,66.15
92,Chicken Jalfrezi,Main Course,11121,319826.91,144239.37,175587.54,54.9
59,Pesto Pasta,Pasta,19624,242768.71,74374.96,168393.75,69.36
51,Chicken Tikka Bites,Appetizers,19230,277946.19,111918.6,166027.59,59.73
131,Bruschetta,Appetizers,30917,278623.38,123049.66,155573.72,55.84
119,Pink Sauce Pasta,Pasta,10406,241472.01,86890.1,154581.91,64.02
81,Dynamite Prawns,Appetizers,20034,268114.42,114394.14,153720.28,57.33
38,Prawn Karahi,Seafood,9174,251943.6,98253.54,153690.06,61.0
20,Paratha Roll,Breakfast,19457,231030.86,82497.68,148533.18,64.29
135,Pumpkin Soup,Soups,21348,244540.2,96279.48,148260.72,60.63
60,Eggs Benedict,Breakfast,19008,210077.79,69379.2,140698.59,66.97
54,Cheesecake,Desserts,19408,251064.76,111013.76,140051.0,55.78
86,Pasta Salad,Salads,22970,239132.49,99460.1,139672.39,58.41
110,Club Sandwich,Breakfast,23437,201781.56,64686.12,137095.44,67.94
140,Cheese Omelette,Breakfast,12805,223191.16,88226.45,134964.71,60.47
64,Gajar Halwa,Desserts,23220,201841.01,68499.0,133342.01,66.06
30,Omelette Platter,Breakfast,23524,195419.92,63750.04,131669.88,67.38
21,Samosa Platter,Appetizers,19421,212379.21,86811.87,125567.34,59.12
113,Peach Iced Tea,Beverages,19652,183748.15,59938.6,123809.55,67.38
104,Apple Pie,Desserts,18926,187295.23,66241.0,121054.23,64.63
16,Greek Salad,Salads,19365,199039.08,78040.95,120998.13,60.79
53,Cappuccino,Beverages,19197,180546.65,59702.67,120843.98,66.93
85,Chicken Noodle Soup,Soups,22855,176714.44,59194.45,117519.99,66.5
115,Wonton Soup,Soups,21242,204762.6,89853.66,114908.94,56.12
24,Chocolate Lava Cake,Desserts,19070,167158.57,56828.6,110329.97,66.0
50,French Toast,Breakfast,19524,189006.28,80243.64,108762.64,57.54
55,Lentil Soup,Soups,19203,180717.79,72011.25,108706.54,60.15
125,Mulligatawny,Soups,24296,175762.53,67542.88,108219.65,61.57
94,Fruit Trifle,Desserts,16276,167803.48,60709.48,107094.0,63.82
13,Fresh Lime Soda,Beverages,20379,176956.43,71122.71,105833.72,59.81
35,Tomato Basil Soup,Soups,13623,157910.35,54355.77,103554.58,65.58
80,Full English Breakfast,Breakfast,18475,166151.9,66694.75,99457.15,59.86
75,French Onion Soup,Soups,15010,151175.43,52234.8,98940.63,65.45
25,Cream of Mushroom,Soups,19227,165184.33,66717.69,98466.64,59.61
45,Tom Yum Soup,Soups,20647,152918.3,54714.55,98203.75,64.22
46,Russian Salad,Salads,11407,149243.17,53498.83,95744.34,64.15
112,Beef Pulao,Main Course,9457,169384.63,77263.69,92120.94,54.39
99,Ravioli,Pasta,13309,161056.56,72933.32,88123.24,54.72
90,Waffles,Breakfast,10565,131928.73,43844.75,88083.98,66.77
65,Minestrone,Soups,19631,148283.08,61445.03,86838.05,58.56
31,Garlic Bread,Appetizers,12121,131919.98,47150.69,84769.29,64.26
70,Anda Paratha,Breakfast,8504,149445.56,64970.56,84475.0,56.53
109,Baked Ziti,Pasta,9331,137231.07,53839.87,83391.2,60.77
41,Mozzarella Sticks,Appetizers,19528,119295.15,38079.6,81215.55,68.08
84,Kulfi,Desserts,20111,128597.28,48869.73,79727.55,62.0
147,Chicken Shashlik,Grills,3908,134880.74,57213.12,77667.62,57.58
32,Butter Chicken,Main Course,6184,111776.3,36114.56,75661.74,67.69
8,Grilled Prawns,Seafood,1764,88792.13,13494.6,75297.53,84.8
61,Loaded Fries,Appetizers,13669,119398.89,46474.6,72924.29,61.08
93,Strawberry Shake,Beverages,15979,130719.1,58163.56,72555.54,55.5
71,Nachos Supreme,Appetizers,9653,120787.83,48940.71,71847.12,59.48
26,Garden Salad,Salads,7301,102415.09,34022.66,68392.43,66.78
14,Kheer,Desserts,14587,110311.5,42739.91,67571.59,61.26
124,Ice Cream Sundae,Desserts,17755,119859.75,53442.55,66417.2,55.41
111,Chicken Pakora,Appetizers,14238,110518.35,44137.8,66380.55,60.06
120,Avocado Toast,Breakfast,7010,92272.54,32316.1,59956.44,64.98
23,Mango Lassi,Beverages,19075,94607.59,36242.5,58365.09,61.69
103,Chocolate Shake,Beverages,19731,100677.89,43802.82,56875.07,56.49
96,Chickpea Salad,Salads,8216,96528.76,43134.0,53394.76,55.31
133,Soft Drink,Beverages,22029,83073.3,30179.73,52893.57,63.67
69,Carbonara,Pasta,6783,86533.88,34932.45,51601.43,59.63
100,Chana Puri,Breakfast,9602,85507.1,37351.78,48155.32,56.32
123,Mineral Water,Beverages,16655,85580.13,37473.75,48106.38,56.21
15,Hot & Sour Soup,Soups,10153,70544.15,22539.66,48004.49,68.05
34,Brownie with Ice Cream,Desserts,6395,85508.09,37538.65,47969.44,56.1
63,Doodh Patti Chai,Beverages,8484,73288.66,29694.0,43594.66,59.48
83,Fresh Orange Juice,Beverages,13250,69273.9,27162.5,42111.4,60.79
101,Onion Rings,Appetizers,9520,49625.35,17421.6,32203.75,64.89
73,Green Tea,Beverages,15294,45560.07,14529.3,31030.77,68.11
134,Caramel Custard,Desserts,5295,45272.77,14455.35,30817.42,68.07
11,Spring Rolls,Appetizers,9336,47784.44,17271.6,30512.84,63.86
7,Beef Steak,Grills,1681,35491.97,5412.82,30079.15,84.75
9,Fettuccine Alfredo,Pasta,1757,34191.01,5218.29,28972.72,84.74
149,Spinach Tortellini,Pasta,3755,46479.34,18699.9,27779.44,59.77
91,Stuffed Mushrooms,Appetizers,6888,41898.8,18804.24,23094.56,55.12
10,Halwa Puri,Breakfast,1771,26119.09,4002.46,22116.63,84.68
144,Falooda,Desserts,4048,33141.15,12063.04,21078.11,63.6
43,Cold Coffee,Beverages,8062,25685.85,11367.42,14318.43,55.74
6,Caesar Salad,Salads,1814,16458.87,2521.46,13937.41,84.68
142,Vegetable Curry,Main Course,770,15132.18,4712.4,10419.78,68.86
33,Sweet Lassi,Beverages,4794,16295.3,7286.88,9008.42,55.28
146,Asian Sesame Salad,Salads,1658,13430.81,5206.12,8224.69,61.24
141,Seekh Kabab Rolls,Appetizers,826,11795.95,3675.7,8120.25,68.84
150,Granola Bowl,Breakfast,819,8635.59,2760.03,5875.56,68.04
145,Vegetable Soup,Soups,1097,8274.08,2698.62,5575.46,67.38
143,Kashmiri Chai,Beverages,329,2083.88,901.46,1182.42,56.74
5,Special Chicken Corn Soup,Soups,18269,91509.55,139392.47,-47882.92,-52.33
3,Special Mint Margarita,Beverages,18359,107628.95,164129.46,-56500.51,-52.5
1,Special Chicken Wings,Appetizers,18365,115658.25,176671.3,-61013.05,-52.75
4,Special Gulab Jamun,Desserts,18005,140148.79,213719.35,-73570.56,-52.49
2,Special Chicken Karahi,Main Course,18351,453728.3,686694.42,-232966.12,-51.34
