promotion,orders,revenue,discount_given,margin_pct
No promotion,156070,4.391551384E7,0.0,61.35
Birthday Special,8258,1965723.98,223789.42,59.15
App Exclusive,5399,1210651.16,189870.67,57.35
Happy Hour,4988,1145850.22,118296.41,59.4
Super Discount 40% Off,4930,616314.43,410981.68,-28.79
Weekend Deal,3521,848007.29,52754.47,60.85
Lunch Special,2552,575451.61,77757.81,58.23
Dinner Delight,2376,599794.12,46725.08,60.34
Mega Sale 50% Off,1671,191224.53,191263.02,-55.05
Family Combo,902,223096.08,29853.02,58.47
First Order,557,159361.3,16474.73,59.66
Student Offer,349,91564.27,10238.73,59.41
Corporate Deal,221,68525.1,4850.13,60.55
Loyalty Reward,165,45543.44,5633.87,58.59
Seasonal Special,91,28290.14,1819.99,61.77
Flash Deal 45% Off,8,1405.54,1149.86,-36.64
